Phillips phillips@carleton.ca 3
Baker baker@cunet.ca 12
White white1@carleton.ca 15
Black black_12@yahoo.ca 2
Green green@carleton.ca 4
Bunt bunt_a@gmail.com 19
Aubin aubin@carleton.ca 25
Zuhiu zuh@yahoo.com 0